-- phpMyAdmin SQL Dump
-- version 4.7.0
-- https://www.phpmyadmin.net/
--
-- Host: 127.0.0.1
-- Generation Time: Dec 15, 2019 at 02:46 PM
-- Server version: 10.1.26-MariaDB
-- PHP Version: 7.1.8

SET SQL_MODE = "NO_AUTO_VALUE_ON_ZERO";
SET AUTOCOMMIT = 0;
START TRANSACTION;
SET time_zone = "+00:00";


/*!40101 SET @OLD_CHARACTER_SET_CLIENT=@@CHARACTER_SET_CLIENT */;
/*!40101 SET @OLD_CHARACTER_SET_RESULTS=@@CHARACTER_SET_RESULTS */;
/*!40101 SET @OLD_COLLATION_CONNECTION=@@COLLATION_CONNECTION */;
/*!40101 SET NAMES utf8mb4 */;

--
-- Database: `appdok`
--

-- --------------------------------------------------------

--
-- Table structure for table `artikels`
--

CREATE TABLE `artikels` (
  `id` bigint(20) UNSIGNED NOT NULL,
  `dokter_id` bigint(20) UNSIGNED NOT NULL,
  `judul_artikel` varchar(255) COLLATE utf8mb4_unicode_ci NOT NULL,
  `isi_artikel` varchar(255) COLLATE utf8mb4_unicode_ci NOT NULL,
  `status` enum('setuju','tidak','belum') COLLATE utf8mb4_unicode_ci DEFAULT NULL,
  `alasan` varchar(255) COLLATE utf8mb4_unicode_ci DEFAULT NULL,
  `created_at` timestamp NULL DEFAULT NULL,
  `updated_at` timestamp NULL DEFAULT NULL
) ENGINE=InnoDB DEFAULT CHARSET=utf8mb4 COLLATE=utf8mb4_unicode_ci;

--
-- Dumping data for table `artikels`
--

INSERT INTO `artikels` (`id`, `dokter_id`, `judul_artikel`, `isi_artikel`, `status`, `alasan`, `created_at`, `updated_at`) VALUES
(2, 2, 'Cara Menangani Hewan Sakit', 'Lorem ipsum dolor sit amet, consectetur adipiscing elit, sed do eiusmod tempor incididunt ut labore et dolore magna ', 'tidak', 'rahasia', '2019-11-13 04:14:04', '2019-11-27 20:53:00'),
(3, 8, 'Kesalahan dalam penanganan hewan ternak', 'Lorem ipsum dolor sit amet, consectetur adipiscing elit, sed do eiusmod tempor incididunt ut labore et dolore magna ', 'tidak', 'Artikel salah', '2019-11-22 10:30:14', '2019-11-27 20:18:47'),
(4, 2, 'Meningkatkan nafsu makan hewan', 'Lorem ipsum dolor sit amet, consectetur adipiscing elit, sed do eiusmod tempor incididunt ut labore et dolore magna ', 'setuju', NULL, '2019-11-27 05:34:24', '2019-11-27 20:13:05'),
(5, 2, 'Cara memberi obat yang tepat kepada hewan ternak', 'Lorem ipsum dolor sit amet, consectetur adipiscing elit, sed do eiusmod tempor incididunt ut labore et dolore magna ', 'belum', NULL, '2019-11-27 20:21:14', '2019-11-27 20:21:14'),
(6, 2, 'Ciri-ciri hewan ternak yang sehat', 'Lorem ipsum dolor sit amet, consectetur adipiscing elit, sed do eiusmod tempor incididunt ut labore et dolore magna ', 'belum', NULL, '2019-11-27 20:22:42', '2019-11-27 20:22:42'),
(7, 2, 'Lalalala', 'Lalalala', NULL, NULL, '2019-11-29 16:09:41', '2019-11-29 16:09:41');

-- --------------------------------------------------------

--
-- Table structure for table `cities`
--

CREATE TABLE `cities` (
  `id` bigint(20) UNSIGNED NOT NULL,
  `province_id` int(10) UNSIGNED NOT NULL,
  `city_id` int(10) UNSIGNED NOT NULL,
  `title` varchar(255) COLLATE utf8mb4_unicode_ci NOT NULL,
  `created_at` timestamp NULL DEFAULT NULL,
  `updated_at` timestamp NULL DEFAULT NULL
) ENGINE=InnoDB DEFAULT CHARSET=utf8mb4 COLLATE=utf8mb4_unicode_ci;

--
-- Dumping data for table `cities`
--

INSERT INTO `cities` (`id`, `province_id`, `city_id`, `title`, `created_at`, `updated_at`) VALUES
(1, 1, 17, 'Badung', '2019-10-30 10:46:17', '2019-10-30 10:46:17'),
(2, 1, 32, 'Bangli', '2019-10-30 10:46:17', '2019-10-30 10:46:17'),
(3, 1, 94, 'Buleleng', '2019-10-30 10:46:17', '2019-10-30 10:46:17'),
(4, 1, 114, 'Denpasar', '2019-10-30 10:46:17', '2019-10-30 10:46:17'),
(5, 1, 128, 'Gianyar', '2019-10-30 10:46:17', '2019-10-30 10:46:17'),
(6, 1, 161, 'Jembrana', '2019-10-30 10:46:17', '2019-10-30 10:46:17'),
(7, 1, 170, 'Karangasem', '2019-10-30 10:46:17', '2019-10-30 10:46:17'),
(8, 1, 197, 'Klungkung', '2019-10-30 10:46:17', '2019-10-30 10:46:17'),
(9, 1, 447, 'Tabanan', '2019-10-30 10:46:17', '2019-10-30 10:46:17'),
(10, 2, 27, 'Bangka', '2019-10-30 10:46:20', '2019-10-30 10:46:20'),
(11, 2, 28, 'Bangka Barat', '2019-10-30 10:46:20', '2019-10-30 10:46:20'),
(12, 2, 29, 'Bangka Selatan', '2019-10-30 10:46:20', '2019-10-30 10:46:20'),
(13, 2, 30, 'Bangka Tengah', '2019-10-30 10:46:20', '2019-10-30 10:46:20'),
(14, 2, 56, 'Belitung', '2019-10-30 10:46:20', '2019-10-30 10:46:20'),
(15, 2, 57, 'Belitung Timur', '2019-10-30 10:46:20', '2019-10-30 10:46:20'),
(16, 2, 334, 'Pangkal Pinang', '2019-10-30 10:46:20', '2019-10-30 10:46:20'),
(17, 3, 106, 'Cilegon', '2019-10-30 10:46:27', '2019-10-30 10:46:27'),
(18, 3, 232, 'Lebak', '2019-10-30 10:46:27', '2019-10-30 10:46:27'),
(19, 3, 331, 'Pandeglang', '2019-10-30 10:46:27', '2019-10-30 10:46:27'),
(20, 3, 402, 'Serang', '2019-10-30 10:46:27', '2019-10-30 10:46:27'),
(21, 3, 403, 'Serang', '2019-10-30 10:46:27', '2019-10-30 10:46:27'),
(22, 3, 455, 'Tangerang', '2019-10-30 10:46:27', '2019-10-30 10:46:27'),
(23, 3, 456, 'Tangerang', '2019-10-30 10:46:27', '2019-10-30 10:46:27'),
(24, 3, 457, 'Tangerang Selatan', '2019-10-30 10:46:27', '2019-10-30 10:46:27'),
(25, 4, 62, 'Bengkulu', '2019-10-30 10:46:30', '2019-10-30 10:46:30'),
(26, 4, 63, 'Bengkulu Selatan', '2019-10-30 10:46:30', '2019-10-30 10:46:30'),
(27, 4, 64, 'Bengkulu Tengah', '2019-10-30 10:46:30', '2019-10-30 10:46:30'),
(28, 4, 65, 'Bengkulu Utara', '2019-10-30 10:46:30', '2019-10-30 10:46:30'),
(29, 4, 175, 'Kaur', '2019-10-30 10:46:30', '2019-10-30 10:46:30'),
(30, 4, 183, 'Kepahiang', '2019-10-30 10:46:30', '2019-10-30 10:46:30'),
(31, 4, 233, 'Lebong', '2019-10-30 10:46:30', '2019-10-30 10:46:30'),
(32, 4, 294, 'Muko Muko', '2019-10-30 10:46:30', '2019-10-30 10:46:30'),
(33, 4, 379, 'Rejang Lebong', '2019-10-30 10:46:30', '2019-10-30 10:46:30'),
(34, 4, 397, 'Seluma', '2019-10-30 10:46:30', '2019-10-30 10:46:30'),
(35, 5, 39, 'Bantul', '2019-10-30 10:46:34', '2019-10-30 10:46:34'),
(36, 5, 135, 'Gunung Kidul', '2019-10-30 10:46:34', '2019-10-30 10:46:34'),
(37, 5, 210, 'Kulon Progo', '2019-10-30 10:46:34', '2019-10-30 10:46:34'),
(38, 5, 419, 'Sleman', '2019-10-30 10:46:34', '2019-10-30 10:46:34'),
(39, 5, 501, 'Yogyakarta', '2019-10-30 10:46:34', '2019-10-30 10:46:34'),
(40, 6, 151, 'Jakarta Barat', '2019-10-30 10:46:40', '2019-10-30 10:46:40'),
(41, 6, 152, 'Jakarta Pusat', '2019-10-30 10:46:40', '2019-10-30 10:46:40'),
(42, 6, 153, 'Jakarta Selatan', '2019-10-30 10:46:40', '2019-10-30 10:46:40'),
(43, 6, 154, 'Jakarta Timur', '2019-10-30 10:46:40', '2019-10-30 10:46:40'),
(44, 6, 155, 'Jakarta Utara', '2019-10-30 10:46:40', '2019-10-30 10:46:40'),
(45, 6, 189, 'Kepulauan Seribu', '2019-10-30 10:46:40', '2019-10-30 10:46:40'),
(46, 7, 77, 'Boalemo', '2019-10-30 10:46:41', '2019-10-30 10:46:41'),
(47, 7, 88, 'Bone Bolango', '2019-10-30 10:46:41', '2019-10-30 10:46:41'),
(48, 7, 129, 'Gorontalo', '2019-10-30 10:46:41', '2019-10-30 10:46:41'),
(49, 7, 130, 'Gorontalo', '2019-10-30 10:46:41', '2019-10-30 10:46:41'),
(50, 7, 131, 'Gorontalo Utara', '2019-10-30 10:46:41', '2019-10-30 10:46:41'),
(51, 7, 361, 'Pohuwato', '2019-10-30 10:46:41', '2019-10-30 10:46:41'),
(52, 8, 50, 'Batang Hari', '2019-10-30 10:46:42', '2019-10-30 10:46:42'),
(53, 8, 97, 'Bungo', '2019-10-30 10:46:42', '2019-10-30 10:46:42'),
(54, 8, 156, 'Jambi', '2019-10-30 10:46:42', '2019-10-30 10:46:42'),
(55, 8, 194, 'Kerinci', '2019-10-30 10:46:42', '2019-10-30 10:46:42'),
(56, 8, 280, 'Merangin', '2019-10-30 10:46:42', '2019-10-30 10:46:42'),
(57, 8, 293, 'Muaro Jambi', '2019-10-30 10:46:42', '2019-10-30 10:46:42'),
(58, 8, 393, 'Sarolangun', '2019-10-30 10:46:42', '2019-10-30 10:46:42'),
(59, 8, 442, 'Sungaipenuh', '2019-10-30 10:46:42', '2019-10-30 10:46:42'),
(60, 8, 460, 'Tanjung Jabung Barat', '2019-10-30 10:46:42', '2019-10-30 10:46:42'),
(61, 8, 461, 'Tanjung Jabung Timur', '2019-10-30 10:46:42', '2019-10-30 10:46:42'),
(62, 8, 471, 'Tebo', '2019-10-30 10:46:42', '2019-10-30 10:46:42'),
(63, 9, 22, 'Bandung', '2019-10-30 10:46:43', '2019-10-30 10:46:43'),
(64, 9, 23, 'Bandung', '2019-10-30 10:46:43', '2019-10-30 10:46:43'),
(65, 9, 24, 'Bandung Barat', '2019-10-30 10:46:43', '2019-10-30 10:46:43'),
(66, 9, 34, 'Banjar', '2019-10-30 10:46:43', '2019-10-30 10:46:43'),
(67, 9, 54, 'Bekasi', '2019-10-30 10:46:43', '2019-10-30 10:46:43'),
(68, 9, 55, 'Bekasi', '2019-10-30 10:46:43', '2019-10-30 10:46:43'),
(69, 9, 78, 'Bogor', '2019-10-30 10:46:43', '2019-10-30 10:46:43'),
(70, 9, 79, 'Bogor', '2019-10-30 10:46:43', '2019-10-30 10:46:43'),
(71, 9, 103, 'Ciamis', '2019-10-30 10:46:43', '2019-10-30 10:46:43'),
(72, 9, 104, 'Cianjur', '2019-10-30 10:46:43', '2019-10-30 10:46:43'),
(73, 9, 107, 'Cimahi', '2019-10-30 10:46:43', '2019-10-30 10:46:43'),
(74, 9, 108, 'Cirebon', '2019-10-30 10:46:43', '2019-10-30 10:46:43'),
(75, 9, 109, 'Cirebon', '2019-10-30 10:46:43', '2019-10-30 10:46:43'),
(76, 9, 115, 'Depok', '2019-10-30 10:46:43', '2019-10-30 10:46:43'),
(77, 9, 126, 'Garut', '2019-10-30 10:46:43', '2019-10-30 10:46:43'),
(78, 9, 149, 'Indramayu', '2019-10-30 10:46:43', '2019-10-30 10:46:43'),
(79, 9, 171, 'Karawang', '2019-10-30 10:46:43', '2019-10-30 10:46:43'),
(80, 9, 211, 'Kuningan', '2019-10-30 10:46:43', '2019-10-30 10:46:43'),
(81, 9, 252, 'Majalengka', '2019-10-30 10:46:43', '2019-10-30 10:46:43'),
(82, 9, 332, 'Pangandaran', '2019-10-30 10:46:43', '2019-10-30 10:46:43'),
(83, 9, 376, 'Purwakarta', '2019-10-30 10:46:43', '2019-10-30 10:46:43'),
(84, 9, 428, 'Subang', '2019-10-30 10:46:43', '2019-10-30 10:46:43'),
(85, 9, 430, 'Sukabumi', '2019-10-30 10:46:43', '2019-10-30 10:46:43'),
(86, 9, 431, 'Sukabumi', '2019-10-30 10:46:43', '2019-10-30 10:46:43'),
(87, 9, 440, 'Sumedang', '2019-10-30 10:46:43', '2019-10-30 10:46:43'),
(88, 9, 468, 'Tasikmalaya', '2019-10-30 10:46:43', '2019-10-30 10:46:43'),
(89, 9, 469, 'Tasikmalaya', '2019-10-30 10:46:43', '2019-10-30 10:46:43'),
(90, 10, 37, 'Banjarnegara', '2019-10-30 10:46:44', '2019-10-30 10:46:44'),
(91, 10, 41, 'Banyumas', '2019-10-30 10:46:44', '2019-10-30 10:46:44'),
(92, 10, 49, 'Batang', '2019-10-30 10:46:44', '2019-10-30 10:46:44'),
(93, 10, 76, 'Blora', '2019-10-30 10:46:44', '2019-10-30 10:46:44'),
(94, 10, 91, 'Boyolali', '2019-10-30 10:46:44', '2019-10-30 10:46:44'),
(95, 10, 92, 'Brebes', '2019-10-30 10:46:44', '2019-10-30 10:46:44'),
(96, 10, 105, 'Cilacap', '2019-10-30 10:46:44', '2019-10-30 10:46:44'),
(97, 10, 113, 'Demak', '2019-10-30 10:46:44', '2019-10-30 10:46:44'),
(98, 10, 134, 'Grobogan', '2019-10-30 10:46:44', '2019-10-30 10:46:44'),
(99, 10, 163, 'Jepara', '2019-10-30 10:46:44', '2019-10-30 10:46:44'),
(100, 10, 169, 'Karanganyar', '2019-10-30 10:46:44', '2019-10-30 10:46:44'),
(101, 10, 177, 'Kebumen', '2019-10-30 10:46:44', '2019-10-30 10:46:44'),
(102, 10, 181, 'Kendal', '2019-10-30 10:46:44', '2019-10-30 10:46:44'),
(103, 10, 196, 'Klaten', '2019-10-30 10:46:44', '2019-10-30 10:46:44'),
(104, 10, 209, 'Kudus', '2019-10-30 10:46:44', '2019-10-30 10:46:44'),
(105, 10, 249, 'Magelang', '2019-10-30 10:46:44', '2019-10-30 10:46:44'),
(106, 10, 250, 'Magelang', '2019-10-30 10:46:44', '2019-10-30 10:46:44'),
(107, 10, 344, 'Pati', '2019-10-30 10:46:44', '2019-10-30 10:46:44'),
(108, 10, 348, 'Pekalongan', '2019-10-30 10:46:44', '2019-10-30 10:46:44'),
(109, 10, 349, 'Pekalongan', '2019-10-30 10:46:44', '2019-10-30 10:46:44'),
(110, 10, 352, 'Pemalang', '2019-10-30 10:46:44', '2019-10-30 10:46:44'),
(111, 10, 375, 'Purbalingga', '2019-10-30 10:46:44', '2019-10-30 10:46:44'),
(112, 10, 377, 'Purworejo', '2019-10-30 10:46:44', '2019-10-30 10:46:44'),
(113, 10, 380, 'Rembang', '2019-10-30 10:46:44', '2019-10-30 10:46:44'),
(114, 10, 386, 'Salatiga', '2019-10-30 10:46:44', '2019-10-30 10:46:44'),
(115, 10, 398, 'Semarang', '2019-10-30 10:46:44', '2019-10-30 10:46:44'),
(116, 10, 399, 'Semarang', '2019-10-30 10:46:44', '2019-10-30 10:46:44'),
(117, 10, 427, 'Sragen', '2019-10-30 10:46:44', '2019-10-30 10:46:44'),
(118, 10, 433, 'Sukoharjo', '2019-10-30 10:46:44', '2019-10-30 10:46:44'),
(119, 10, 445, 'Surakarta (Solo)', '2019-10-30 10:46:44', '2019-10-30 10:46:44'),
(120, 10, 472, 'Tegal', '2019-10-30 10:46:44', '2019-10-30 10:46:44'),
(121, 10, 473, 'Tegal', '2019-10-30 10:46:44', '2019-10-30 10:46:44'),
(122, 10, 476, 'Temanggung', '2019-10-30 10:46:44', '2019-10-30 10:46:44'),
(123, 10, 497, 'Wonogiri', '2019-10-30 10:46:44', '2019-10-30 10:46:44'),
(124, 10, 498, 'Wonosobo', '2019-10-30 10:46:44', '2019-10-30 10:46:44'),
(125, 11, 31, 'Bangkalan', '2019-10-30 10:46:44', '2019-10-30 10:46:44'),
(126, 11, 42, 'Banyuwangi', '2019-10-30 10:46:44', '2019-10-30 10:46:44'),
(127, 11, 51, 'Batu', '2019-10-30 10:46:44', '2019-10-30 10:46:44'),
(128, 11, 74, 'Blitar', '2019-10-30 10:46:44', '2019-10-30 10:46:44'),
(129, 11, 75, 'Blitar', '2019-10-30 10:46:44', '2019-10-30 10:46:44'),
(130, 11, 80, 'Bojonegoro', '2019-10-30 10:46:44', '2019-10-30 10:46:44'),
(131, 11, 86, 'Bondowoso', '2019-10-30 10:46:44', '2019-10-30 10:46:44'),
(132, 11, 133, 'Gresik', '2019-10-30 10:46:44', '2019-10-30 10:46:44'),
(133, 11, 160, 'Jember', '2019-10-30 10:46:44', '2019-10-30 10:46:44'),
(134, 11, 164, 'Jombang', '2019-10-30 10:46:44', '2019-10-30 10:46:44'),
(135, 11, 178, 'Kediri', '2019-10-30 10:46:44', '2019-10-30 10:46:44'),
(136, 11, 179, 'Kediri', '2019-10-30 10:46:44', '2019-10-30 10:46:44'),
(137, 11, 222, 'Lamongan', '2019-10-30 10:46:44', '2019-10-30 10:46:44'),
(138, 11, 243, 'Lumajang', '2019-10-30 10:46:44', '2019-10-30 10:46:44'),
(139, 11, 247, 'Madiun', '2019-10-30 10:46:44', '2019-10-30 10:46:44'),
(140, 11, 248, 'Madiun', '2019-10-30 10:46:44', '2019-10-30 10:46:44'),
(141, 11, 251, 'Magetan', '2019-10-30 10:46:44', '2019-10-30 10:46:44'),
(142, 11, 255, 'Malang', '2019-10-30 10:46:44', '2019-10-30 10:46:44'),
(143, 11, 256, 'Malang', '2019-10-30 10:46:45', '2019-10-30 10:46:45'),
(144, 11, 289, 'Mojokerto', '2019-10-30 10:46:45', '2019-10-30 10:46:45'),
(145, 11, 290, 'Mojokerto', '2019-10-30 10:46:45', '2019-10-30 10:46:45'),
(146, 11, 305, 'Nganjuk', '2019-10-30 10:46:45', '2019-10-30 10:46:45'),
(147, 11, 306, 'Ngawi', '2019-10-30 10:46:45', '2019-10-30 10:46:45'),
(148, 11, 317, 'Pacitan', '2019-10-30 10:46:45', '2019-10-30 10:46:45'),
(149, 11, 330, 'Pamekasan', '2019-10-30 10:46:45', '2019-10-30 10:46:45'),
(150, 11, 342, 'Pasuruan', '2019-10-30 10:46:45', '2019-10-30 10:46:45'),
(151, 11, 343, 'Pasuruan', '2019-10-30 10:46:45', '2019-10-30 10:46:45'),
(152, 11, 363, 'Ponorogo', '2019-10-30 10:46:45', '2019-10-30 10:46:45'),
(153, 11, 369, 'Probolinggo', '2019-10-30 10:46:45', '2019-10-30 10:46:45'),
(154, 11, 370, 'Probolinggo', '2019-10-30 10:46:45', '2019-10-30 10:46:45'),
(155, 11, 390, 'Sampang', '2019-10-30 10:46:45', '2019-10-30 10:46:45'),
(156, 11, 409, 'Sidoarjo', '2019-10-30 10:46:45', '2019-10-30 10:46:45'),
(157, 11, 418, 'Situbondo', '2019-10-30 10:46:45', '2019-10-30 10:46:45'),
(158, 11, 441, 'Sumenep', '2019-10-30 10:46:45', '2019-10-30 10:46:45'),
(159, 11, 444, 'Surabaya', '2019-10-30 10:46:45', '2019-10-30 10:46:45'),
(160, 11, 487, 'Trenggalek', '2019-10-30 10:46:45', '2019-10-30 10:46:45'),
(161, 11, 489, 'Tuban', '2019-10-30 10:46:45', '2019-10-30 10:46:45'),
(162, 11, 492, 'Tulungagung', '2019-10-30 10:46:45', '2019-10-30 10:46:45'),
(163, 12, 61, 'Bengkayang', '2019-10-30 10:46:46', '2019-10-30 10:46:46'),
(164, 12, 168, 'Kapuas Hulu', '2019-10-30 10:46:46', '2019-10-30 10:46:46'),
(165, 12, 176, 'Kayong Utara', '2019-10-30 10:46:46', '2019-10-30 10:46:46'),
(166, 12, 195, 'Ketapang', '2019-10-30 10:46:46', '2019-10-30 10:46:46'),
(167, 12, 208, 'Kubu Raya', '2019-10-30 10:46:46', '2019-10-30 10:46:46'),
(168, 12, 228, 'Landak', '2019-10-30 10:46:46', '2019-10-30 10:46:46'),
(169, 12, 279, 'Melawi', '2019-10-30 10:46:46', '2019-10-30 10:46:46'),
(170, 12, 364, 'Pontianak', '2019-10-30 10:46:46', '2019-10-30 10:46:46'),
(171, 12, 365, 'Pontianak', '2019-10-30 10:46:46', '2019-10-30 10:46:46'),
(172, 12, 388, 'Sambas', '2019-10-30 10:46:46', '2019-10-30 10:46:46'),
(173, 12, 391, 'Sanggau', '2019-10-30 10:46:46', '2019-10-30 10:46:46'),
(174, 12, 395, 'Sekadau', '2019-10-30 10:46:46', '2019-10-30 10:46:46'),
(175, 12, 415, 'Singkawang', '2019-10-30 10:46:46', '2019-10-30 10:46:46'),
(176, 12, 417, 'Sintang', '2019-10-30 10:46:46', '2019-10-30 10:46:46'),
(177, 13, 18, 'Balangan', '2019-10-30 10:46:47', '2019-10-30 10:46:47'),
(178, 13, 33, 'Banjar', '2019-10-30 10:46:47', '2019-10-30 10:46:47'),
(179, 13, 35, 'Banjarbaru', '2019-10-30 10:46:47', '2019-10-30 10:46:47'),
(180, 13, 36, 'Banjarmasin', '2019-10-30 10:46:47', '2019-10-30 10:46:47'),
(181, 13, 43, 'Barito Kuala', '2019-10-30 10:46:47', '2019-10-30 10:46:47'),
(182, 13, 143, 'Hulu Sungai Selatan', '2019-10-30 10:46:47', '2019-10-30 10:46:47'),
(183, 13, 144, 'Hulu Sungai Tengah', '2019-10-30 10:46:47', '2019-10-30 10:46:47'),
(184, 13, 145, 'Hulu Sungai Utara', '2019-10-30 10:46:47', '2019-10-30 10:46:47'),
(185, 13, 203, 'Kotabaru', '2019-10-30 10:46:47', '2019-10-30 10:46:47'),
(186, 13, 446, 'Tabalong', '2019-10-30 10:46:47', '2019-10-30 10:46:47'),
(187, 13, 452, 'Tanah Bumbu', '2019-10-30 10:46:47', '2019-10-30 10:46:47'),
(188, 13, 454, 'Tanah Laut', '2019-10-30 10:46:47', '2019-10-30 10:46:47'),
(189, 13, 466, 'Tapin', '2019-10-30 10:46:47', '2019-10-30 10:46:47'),
(190, 14, 44, 'Barito Selatan', '2019-10-30 10:46:48', '2019-10-30 10:46:48'),
(191, 14, 45, 'Barito Timur', '2019-10-30 10:46:48', '2019-10-30 10:46:48'),
(192, 14, 46, 'Barito Utara', '2019-10-30 10:46:48', '2019-10-30 10:46:48'),
(193, 14, 136, 'Gunung Mas', '2019-10-30 10:46:48', '2019-10-30 10:46:48'),
(194, 14, 167, 'Kapuas', '2019-10-30 10:46:48', '2019-10-30 10:46:48'),
(195, 14, 174, 'Katingan', '2019-10-30 10:46:48', '2019-10-30 10:46:48'),
(196, 14, 205, 'Kotawaringin Barat', '2019-10-30 10:46:48', '2019-10-30 10:46:48'),
(197, 14, 206, 'Kotawaringin Timur', '2019-10-30 10:46:48', '2019-10-30 10:46:48'),
(198, 14, 221, 'Lamandau', '2019-10-30 10:46:48', '2019-10-30 10:46:48'),
(199, 14, 296, 'Murung Raya', '2019-10-30 10:46:48', '2019-10-30 10:46:48'),
(200, 14, 326, 'Palangka Raya', '2019-10-30 10:46:48', '2019-10-30 10:46:48'),
(201, 14, 371, 'Pulang Pisau', '2019-10-30 10:46:48', '2019-10-30 10:46:48'),
(202, 14, 405, 'Seruyan', '2019-10-30 10:46:48', '2019-10-30 10:46:48'),
(203, 14, 432, 'Sukamara', '2019-10-30 10:46:48', '2019-10-30 10:46:48'),
(204, 15, 19, 'Balikpapan', '2019-10-30 10:46:48', '2019-10-30 10:46:48'),
(205, 15, 66, 'Berau', '2019-10-30 10:46:48', '2019-10-30 10:46:48'),
(206, 15, 89, 'Bontang', '2019-10-30 10:46:48', '2019-10-30 10:46:48'),
(207, 15, 214, 'Kutai Barat', '2019-10-30 10:46:48', '2019-10-30 10:46:48'),
(208, 15, 215, 'Kutai Kartanegara', '2019-10-30 10:46:48', '2019-10-30 10:46:48'),
(209, 15, 216, 'Kutai Timur', '2019-10-30 10:46:48', '2019-10-30 10:46:48'),
(210, 15, 341, 'Paser', '2019-10-30 10:46:48', '2019-10-30 10:46:48'),
(211, 15, 354, 'Penajam Paser Utara', '2019-10-30 10:46:48', '2019-10-30 10:46:48'),
(212, 15, 387, 'Samarinda', '2019-10-30 10:46:48', '2019-10-30 10:46:48'),
(213, 16, 96, 'Bulungan (Bulongan)', '2019-10-30 10:46:49', '2019-10-30 10:46:49'),
(214, 16, 257, 'Malinau', '2019-10-30 10:46:49', '2019-10-30 10:46:49'),
(215, 16, 311, 'Nunukan', '2019-10-30 10:46:49', '2019-10-30 10:46:49'),
(216, 16, 450, 'Tana Tidung', '2019-10-30 10:46:49', '2019-10-30 10:46:49'),
(217, 16, 467, 'Tarakan', '2019-10-30 10:46:49', '2019-10-30 10:46:49'),
(218, 17, 48, 'Batam', '2019-10-30 10:46:49', '2019-10-30 10:46:49'),
(219, 17, 71, 'Bintan', '2019-10-30 10:46:49', '2019-10-30 10:46:49'),
(220, 17, 172, 'Karimun', '2019-10-30 10:46:49', '2019-10-30 10:46:49'),
(221, 17, 184, 'Kepulauan Anambas', '2019-10-30 10:46:49', '2019-10-30 10:46:49'),
(222, 17, 237, 'Lingga', '2019-10-30 10:46:49', '2019-10-30 10:46:49'),
(223, 17, 302, 'Natuna', '2019-10-30 10:46:49', '2019-10-30 10:46:49'),
(224, 17, 462, 'Tanjung Pinang', '2019-10-30 10:46:49', '2019-10-30 10:46:49'),
(225, 18, 21, 'Bandar Lampung', '2019-10-30 10:46:50', '2019-10-30 10:46:50'),
(226, 18, 223, 'Lampung Barat', '2019-10-30 10:46:50', '2019-10-30 10:46:50'),
(227, 18, 224, 'Lampung Selatan', '2019-10-30 10:46:50', '2019-10-30 10:46:50'),
(228, 18, 225, 'Lampung Tengah', '2019-10-30 10:46:50', '2019-10-30 10:46:50'),
(229, 18, 226, 'Lampung Timur', '2019-10-30 10:46:50', '2019-10-30 10:46:50'),
(230, 18, 227, 'Lampung Utara', '2019-10-30 10:46:50', '2019-10-30 10:46:50'),
(231, 18, 282, 'Mesuji', '2019-10-30 10:46:50', '2019-10-30 10:46:50'),
(232, 18, 283, 'Metro', '2019-10-30 10:46:50', '2019-10-30 10:46:50'),
(233, 18, 355, 'Pesawaran', '2019-10-30 10:46:50', '2019-10-30 10:46:50'),
(234, 18, 356, 'Pesisir Barat', '2019-10-30 10:46:50', '2019-10-30 10:46:50'),
(235, 18, 368, 'Pringsewu', '2019-10-30 10:46:50', '2019-10-30 10:46:50'),
(236, 18, 458, 'Tanggamus', '2019-10-30 10:46:50', '2019-10-30 10:46:50'),
(237, 18, 490, 'Tulang Bawang', '2019-10-30 10:46:50', '2019-10-30 10:46:50'),
(238, 18, 491, 'Tulang Bawang Barat', '2019-10-30 10:46:50', '2019-10-30 10:46:50'),
(239, 18, 496, 'Way Kanan', '2019-10-30 10:46:50', '2019-10-30 10:46:50'),
(240, 19, 14, 'Ambon', '2019-10-30 10:46:51', '2019-10-30 10:46:51'),
(241, 19, 99, 'Buru', '2019-10-30 10:46:51', '2019-10-30 10:46:51'),
(242, 19, 100, 'Buru Selatan', '2019-10-30 10:46:51', '2019-10-30 10:46:51'),
(243, 19, 185, 'Kepulauan Aru', '2019-10-30 10:46:51', '2019-10-30 10:46:51'),
(244, 19, 258, 'Maluku Barat Daya', '2019-10-30 10:46:51', '2019-10-30 10:46:51'),
(245, 19, 259, 'Maluku Tengah', '2019-10-30 10:46:51', '2019-10-30 10:46:51'),
(246, 19, 260, 'Maluku Tenggara', '2019-10-30 10:46:51', '2019-10-30 10:46:51'),
(247, 19, 261, 'Maluku Tenggara Barat', '2019-10-30 10:46:51', '2019-10-30 10:46:51'),
(248, 19, 400, 'Seram Bagian Barat', '2019-10-30 10:46:51', '2019-10-30 10:46:51'),
(249, 19, 401, 'Seram Bagian Timur', '2019-10-30 10:46:51', '2019-10-30 10:46:51'),
(250, 19, 488, 'Tual', '2019-10-30 10:46:51', '2019-10-30 10:46:51'),
(251, 20, 138, 'Halmahera Barat', '2019-10-30 10:46:52', '2019-10-30 10:46:52'),
(252, 20, 139, 'Halmahera Selatan', '2019-10-30 10:46:52', '2019-10-30 10:46:52'),
(253, 20, 140, 'Halmahera Tengah', '2019-10-30 10:46:52', '2019-10-30 10:46:52'),
(254, 20, 141, 'Halmahera Timur', '2019-10-30 10:46:52', '2019-10-30 10:46:52'),
(255, 20, 142, 'Halmahera Utara', '2019-10-30 10:46:52', '2019-10-30 10:46:52'),
(256, 20, 191, 'Kepulauan Sula', '2019-10-30 10:46:52', '2019-10-30 10:46:52'),
(257, 20, 372, 'Pulau Morotai', '2019-10-30 10:46:52', '2019-10-30 10:46:52'),
(258, 20, 477, 'Ternate', '2019-10-30 10:46:52', '2019-10-30 10:46:52'),
(259, 20, 478, 'Tidore Kepulauan', '2019-10-30 10:46:52', '2019-10-30 10:46:52'),
(260, 21, 1, 'Aceh Barat', '2019-10-30 10:46:53', '2019-10-30 10:46:53'),
(261, 21, 2, 'Aceh Barat Daya', '2019-10-30 10:46:53', '2019-10-30 10:46:53'),
(262, 21, 3, 'Aceh Besar', '2019-10-30 10:46:53', '2019-10-30 10:46:53'),
(263, 21, 4, 'Aceh Jaya', '2019-10-30 10:46:53', '2019-10-30 10:46:53'),
(264, 21, 5, 'Aceh Selatan', '2019-10-30 10:46:53', '2019-10-30 10:46:53'),
(265, 21, 6, 'Aceh Singkil', '2019-10-30 10:46:53', '2019-10-30 10:46:53'),
(266, 21, 7, 'Aceh Tamiang', '2019-10-30 10:46:53', '2019-10-30 10:46:53'),
(267, 21, 8, 'Aceh Tengah', '2019-10-30 10:46:53', '2019-10-30 10:46:53'),
(268, 21, 9, 'Aceh Tenggara', '2019-10-30 10:46:53', '2019-10-30 10:46:53'),
(269, 21, 10, 'Aceh Timur', '2019-10-30 10:46:53', '2019-10-30 10:46:53'),
(270, 21, 11, 'Aceh Utara', '2019-10-30 10:46:53', '2019-10-30 10:46:53'),
(271, 21, 20, 'Banda Aceh', '2019-10-30 10:46:53', '2019-10-30 10:46:53'),
(272, 21, 59, 'Bener Meriah', '2019-10-30 10:46:53', '2019-10-30 10:46:53'),
(273, 21, 72, 'Bireuen', '2019-10-30 10:46:53', '2019-10-30 10:46:53'),
(274, 21, 127, 'Gayo Lues', '2019-10-30 10:46:53', '2019-10-30 10:46:53'),
(275, 21, 230, 'Langsa', '2019-10-30 10:46:53', '2019-10-30 10:46:53'),
(276, 21, 235, 'Lhokseumawe', '2019-10-30 10:46:53', '2019-10-30 10:46:53'),
(277, 21, 300, 'Nagan Raya', '2019-10-30 10:46:53', '2019-10-30 10:46:53'),
(278, 21, 358, 'Pidie', '2019-10-30 10:46:53', '2019-10-30 10:46:53'),
(279, 21, 359, 'Pidie Jaya', '2019-10-30 10:46:53', '2019-10-30 10:46:53'),
(280, 21, 384, 'Sabang', '2019-10-30 10:46:53', '2019-10-30 10:46:53'),
(281, 21, 414, 'Simeulue', '2019-10-30 10:46:53', '2019-10-30 10:46:53'),
(282, 21, 429, 'Subulussalam', '2019-10-30 10:46:53', '2019-10-30 10:46:53'),
(283, 22, 68, 'Bima', '2019-10-30 10:46:54', '2019-10-30 10:46:54'),
(284, 22, 69, 'Bima', '2019-10-30 10:46:54', '2019-10-30 10:46:54'),
(285, 22, 118, 'Dompu', '2019-10-30 10:46:54', '2019-10-30 10:46:54'),
(286, 22, 238, 'Lombok Barat', '2019-10-30 10:46:54', '2019-10-30 10:46:54'),
(287, 22, 239, 'Lombok Tengah', '2019-10-30 10:46:54', '2019-10-30 10:46:54'),
(288, 22, 240, 'Lombok Timur', '2019-10-30 10:46:54', '2019-10-30 10:46:54'),
(289, 22, 241, 'Lombok Utara', '2019-10-30 10:46:54', '2019-10-30 10:46:54'),
(290, 22, 276, 'Mataram', '2019-10-30 10:46:54', '2019-10-30 10:46:54'),
(291, 22, 438, 'Sumbawa', '2019-10-30 10:46:54', '2019-10-30 10:46:54'),
(292, 22, 439, 'Sumbawa Barat', '2019-10-30 10:46:54', '2019-10-30 10:46:54'),
(293, 23, 13, 'Alor', '2019-10-30 10:46:54', '2019-10-30 10:46:54'),
(294, 23, 58, 'Belu', '2019-10-30 10:46:54', '2019-10-30 10:46:54'),
(295, 23, 122, 'Ende', '2019-10-30 10:46:54', '2019-10-30 10:46:54'),
(296, 23, 125, 'Flores Timur', '2019-10-30 10:46:54', '2019-10-30 10:46:54'),
(297, 23, 212, 'Kupang', '2019-10-30 10:46:54', '2019-10-30 10:46:54'),
(298, 23, 213, 'Kupang', '2019-10-30 10:46:54', '2019-10-30 10:46:54'),
(299, 23, 234, 'Lembata', '2019-10-30 10:46:54', '2019-10-30 10:46:54'),
(300, 23, 269, 'Manggarai', '2019-10-30 10:46:54', '2019-10-30 10:46:54'),
(301, 23, 270, 'Manggarai Barat', '2019-10-30 10:46:54', '2019-10-30 10:46:54'),
(302, 23, 271, 'Manggarai Timur', '2019-10-30 10:46:54', '2019-10-30 10:46:54'),
(303, 23, 301, 'Nagekeo', '2019-10-30 10:46:54', '2019-10-30 10:46:54'),
(304, 23, 304, 'Ngada', '2019-10-30 10:46:54', '2019-10-30 10:46:54'),
(305, 23, 383, 'Rote Ndao', '2019-10-30 10:46:54', '2019-10-30 10:46:54'),
(306, 23, 385, 'Sabu Raijua', '2019-10-30 10:46:54', '2019-10-30 10:46:54'),
(307, 23, 412, 'Sikka', '2019-10-30 10:46:54', '2019-10-30 10:46:54'),
(308, 23, 434, 'Sumba Barat', '2019-10-30 10:46:54', '2019-10-30 10:46:54'),
(309, 23, 435, 'Sumba Barat Daya', '2019-10-30 10:46:54', '2019-10-30 10:46:54'),
(310, 23, 436, 'Sumba Tengah', '2019-10-30 10:46:54', '2019-10-30 10:46:54'),
(311, 23, 437, 'Sumba Timur', '2019-10-30 10:46:54', '2019-10-30 10:46:54'),
(312, 23, 479, 'Timor Tengah Selatan', '2019-10-30 10:46:54', '2019-10-30 10:46:54'),
(313, 23, 480, 'Timor Tengah Utara', '2019-10-30 10:46:54', '2019-10-30 10:46:54'),
(314, 24, 16, 'Asmat', '2019-10-30 10:46:55', '2019-10-30 10:46:55'),
(315, 24, 67, 'Biak Numfor', '2019-10-30 10:46:55', '2019-10-30 10:46:55'),
(316, 24, 90, 'Boven Digoel', '2019-10-30 10:46:55', '2019-10-30 10:46:55'),
(317, 24, 111, 'Deiyai (Deliyai)', '2019-10-30 10:46:55', '2019-10-30 10:46:55'),
(318, 24, 117, 'Dogiyai', '2019-10-30 10:46:55', '2019-10-30 10:46:55'),
(319, 24, 150, 'Intan Jaya', '2019-10-30 10:46:55', '2019-10-30 10:46:55'),
(320, 24, 157, 'Jayapura', '2019-10-30 10:46:55', '2019-10-30 10:46:55'),
(321, 24, 158, 'Jayapura', '2019-10-30 10:46:55', '2019-10-30 10:46:55'),
(322, 24, 159, 'Jayawijaya', '2019-10-30 10:46:55', '2019-10-30 10:46:55'),
(323, 24, 180, 'Keerom', '2019-10-30 10:46:55', '2019-10-30 10:46:55'),
(324, 24, 193, 'Kepulauan Yapen (Yapen Waropen)', '2019-10-30 10:46:55', '2019-10-30 10:46:55'),
(325, 24, 231, 'Lanny Jaya', '2019-10-30 10:46:55', '2019-10-30 10:46:55'),
(326, 24, 263, 'Mamberamo Raya', '2019-10-30 10:46:55', '2019-10-30 10:46:55'),
(327, 24, 264, 'Mamberamo Tengah', '2019-10-30 10:46:55', '2019-10-30 10:46:55'),
(328, 24, 274, 'Mappi', '2019-10-30 10:46:55', '2019-10-30 10:46:55'),
(329, 24, 281, 'Merauke', '2019-10-30 10:46:55', '2019-10-30 10:46:55'),
(330, 24, 284, 'Mimika', '2019-10-30 10:46:55', '2019-10-30 10:46:55'),
(331, 24, 299, 'Nabire', '2019-10-30 10:46:55', '2019-10-30 10:46:55'),
(332, 24, 303, 'Nduga', '2019-10-30 10:46:55', '2019-10-30 10:46:55'),
(333, 24, 335, 'Paniai', '2019-10-30 10:46:55', '2019-10-30 10:46:55'),
(334, 24, 347, 'Pegunungan Bintang', '2019-10-30 10:46:55', '2019-10-30 10:46:55'),
(335, 24, 373, 'Puncak', '2019-10-30 10:46:55', '2019-10-30 10:46:55'),
(336, 24, 374, 'Puncak Jaya', '2019-10-30 10:46:55', '2019-10-30 10:46:55'),
(337, 24, 392, 'Sarmi', '2019-10-30 10:46:55', '2019-10-30 10:46:55'),
(338, 24, 443, 'Supiori', '2019-10-30 10:46:55', '2019-10-30 10:46:55'),
(339, 24, 484, 'Tolikara', '2019-10-30 10:46:55', '2019-10-30 10:46:55'),
(340, 24, 495, 'Waropen', '2019-10-30 10:46:55', '2019-10-30 10:46:55'),
(341, 24, 499, 'Yahukimo', '2019-10-30 10:46:55', '2019-10-30 10:46:55'),
(342, 24, 500, 'Yalimo', '2019-10-30 10:46:55', '2019-10-30 10:46:55'),
(343, 25, 124, 'Fakfak', '2019-10-30 10:46:56', '2019-10-30 10:46:56'),
(344, 25, 165, 'Kaimana', '2019-10-30 10:46:56', '2019-10-30 10:46:56'),
(345, 25, 272, 'Manokwari', '2019-10-30 10:46:56', '2019-10-30 10:46:56'),
(346, 25, 273, 'Manokwari Selatan', '2019-10-30 10:46:56', '2019-10-30 10:46:56'),
(347, 25, 277, 'Maybrat', '2019-10-30 10:46:56', '2019-10-30 10:46:56'),
(348, 25, 346, 'Pegunungan Arfak', '2019-10-30 10:46:56', '2019-10-30 10:46:56'),
(349, 25, 378, 'Raja Ampat', '2019-10-30 10:46:56', '2019-10-30 10:46:56'),
(350, 25, 424, 'Sorong', '2019-10-30 10:46:56', '2019-10-30 10:46:56'),
(351, 25, 425, 'Sorong', '2019-10-30 10:46:56', '2019-10-30 10:46:56'),
(352, 25, 426, 'Sorong Selatan', '2019-10-30 10:46:56', '2019-10-30 10:46:56'),
(353, 25, 449, 'Tambrauw', '2019-10-30 10:46:56', '2019-10-30 10:46:56'),
(354, 25, 474, 'Teluk Bintuni', '2019-10-30 10:46:56', '2019-10-30 10:46:56'),
(355, 25, 475, 'Teluk Wondama', '2019-10-30 10:46:56', '2019-10-30 10:46:56'),
(356, 26, 60, 'Bengkalis', '2019-10-30 10:46:57', '2019-10-30 10:46:57'),
(357, 26, 120, 'Dumai', '2019-10-30 10:46:57', '2019-10-30 10:46:57'),
(358, 26, 147, 'Indragiri Hilir', '2019-10-30 10:46:57', '2019-10-30 10:46:57'),
(359, 26, 148, 'Indragiri Hulu', '2019-10-30 10:46:57', '2019-10-30 10:46:57'),
(360, 26, 166, 'Kampar', '2019-10-30 10:46:57', '2019-10-30 10:46:57'),
(361, 26, 187, 'Kepulauan Meranti', '2019-10-30 10:46:57', '2019-10-30 10:46:57'),
(362, 26, 207, 'Kuantan Singingi', '2019-10-30 10:46:57', '2019-10-30 10:46:57'),
(363, 26, 350, 'Pekanbaru', '2019-10-30 10:46:57', '2019-10-30 10:46:57'),
(364, 26, 351, 'Pelalawan', '2019-10-30 10:46:57', '2019-10-30 10:46:57'),
(365, 26, 381, 'Rokan Hilir', '2019-10-30 10:46:57', '2019-10-30 10:46:57'),
(366, 26, 382, 'Rokan Hulu', '2019-10-30 10:46:57', '2019-10-30 10:46:57'),
(367, 26, 406, 'Siak', '2019-10-30 10:46:57', '2019-10-30 10:46:57'),
(368, 27, 253, 'Majene', '2019-10-30 10:46:57', '2019-10-30 10:46:57'),
(369, 27, 262, 'Mamasa', '2019-10-30 10:46:57', '2019-10-30 10:46:57'),
(370, 27, 265, 'Mamuju', '2019-10-30 10:46:57', '2019-10-30 10:46:57'),
(371, 27, 266, 'Mamuju Utara', '2019-10-30 10:46:57', '2019-10-30 10:46:57'),
(372, 27, 362, 'Polewali Mandar', '2019-10-30 10:46:57', '2019-10-30 10:46:57'),
(373, 28, 38, 'Bantaeng', '2019-10-30 10:46:58', '2019-10-30 10:46:58'),
(374, 28, 47, 'Barru', '2019-10-30 10:46:58', '2019-10-30 10:46:58'),
(375, 28, 87, 'Bone', '2019-10-30 10:46:58', '2019-10-30 10:46:58'),
(376, 28, 95, 'Bulukumba', '2019-10-30 10:46:58', '2019-10-30 10:46:58'),
(377, 28, 123, 'Enrekang', '2019-10-30 10:46:58', '2019-10-30 10:46:58'),
(378, 28, 132, 'Gowa', '2019-10-30 10:46:58', '2019-10-30 10:46:58'),
(379, 28, 162, 'Jeneponto', '2019-10-30 10:46:58', '2019-10-30 10:46:58'),
(380, 28, 244, 'Luwu', '2019-10-30 10:46:58', '2019-10-30 10:46:58'),
(381, 28, 245, 'Luwu Timur', '2019-10-30 10:46:58', '2019-10-30 10:46:58'),
(382, 28, 246, 'Luwu Utara', '2019-10-30 10:46:58', '2019-10-30 10:46:58'),
(383, 28, 254, 'Makassar', '2019-10-30 10:46:58', '2019-10-30 10:46:58'),
(384, 28, 275, 'Maros', '2019-10-30 10:46:58', '2019-10-30 10:46:58'),
(385, 28, 328, 'Palopo', '2019-10-30 10:46:58', '2019-10-30 10:46:58'),
(386, 28, 333, 'Pangkajene Kepulauan', '2019-10-30 10:46:58', '2019-10-30 10:46:58'),
(387, 28, 336, 'Parepare', '2019-10-30 10:46:58', '2019-10-30 10:46:58'),
(388, 28, 360, 'Pinrang', '2019-10-30 10:46:58', '2019-10-30 10:46:58'),
(389, 28, 396, 'Selayar (Kepulauan Selayar)', '2019-10-30 10:46:58', '2019-10-30 10:46:58'),
(390, 28, 408, 'Sidenreng Rappang/Rapang', '2019-10-30 10:46:58', '2019-10-30 10:46:58'),
(391, 28, 416, 'Sinjai', '2019-10-30 10:46:58', '2019-10-30 10:46:58'),
(392, 28, 423, 'Soppeng', '2019-10-30 10:46:58', '2019-10-30 10:46:58'),
(393, 28, 448, 'Takalar', '2019-10-30 10:46:58', '2019-10-30 10:46:58'),
(394, 28, 451, 'Tana Toraja', '2019-10-30 10:46:58', '2019-10-30 10:46:58'),
(395, 28, 486, 'Toraja Utara', '2019-10-30 10:46:58', '2019-10-30 10:46:58'),
(396, 28, 493, 'Wajo', '2019-10-30 10:46:58', '2019-10-30 10:46:58'),
(397, 29, 25, 'Banggai', '2019-10-30 10:46:59', '2019-10-30 10:46:59'),
(398, 29, 26, 'Banggai Kepulauan', '2019-10-30 10:46:59', '2019-10-30 10:46:59'),
(399, 29, 98, 'Buol', '2019-10-30 10:46:59', '2019-10-30 10:46:59'),
(400, 29, 119, 'Donggala', '2019-10-30 10:46:59', '2019-10-30 10:46:59'),
(401, 29, 291, 'Morowali', '2019-10-30 10:46:59', '2019-10-30 10:46:59'),
(402, 29, 329, 'Palu', '2019-10-30 10:46:59', '2019-10-30 10:46:59'),
(403, 29, 338, 'Parigi Moutong', '2019-10-30 10:46:59', '2019-10-30 10:46:59'),
(404, 29, 366, 'Poso', '2019-10-30 10:46:59', '2019-10-30 10:46:59'),
(405, 29, 410, 'Sigi', '2019-10-30 10:46:59', '2019-10-30 10:46:59'),
(406, 29, 482, 'Tojo Una-Una', '2019-10-30 10:46:59', '2019-10-30 10:46:59'),
(407, 29, 483, 'Toli-Toli', '2019-10-30 10:46:59', '2019-10-30 10:46:59'),
(408, 30, 53, 'Bau-Bau', '2019-10-30 10:47:00', '2019-10-30 10:47:00'),
(409, 30, 85, 'Bombana', '2019-10-30 10:47:00', '2019-10-30 10:47:00'),
(410, 30, 101, 'Buton', '2019-10-30 10:47:00', '2019-10-30 10:47:00'),
(411, 30, 102, 'Buton Utara', '2019-10-30 10:47:00', '2019-10-30 10:47:00'),
(412, 30, 182, 'Kendari', '2019-10-30 10:47:00', '2019-10-30 10:47:00'),
(413, 30, 198, 'Kolaka', '2019-10-30 10:47:00', '2019-10-30 10:47:00'),
(414, 30, 199, 'Kolaka Utara', '2019-10-30 10:47:00', '2019-10-30 10:47:00'),
(415, 30, 200, 'Konawe', '2019-10-30 10:47:00', '2019-10-30 10:47:00'),
(416, 30, 201, 'Konawe Selatan', '2019-10-30 10:47:00', '2019-10-30 10:47:00'),
(417, 30, 202, 'Konawe Utara', '2019-10-30 10:47:00', '2019-10-30 10:47:00'),
(418, 30, 295, 'Muna', '2019-10-30 10:47:00', '2019-10-30 10:47:00'),
(419, 30, 494, 'Wakatobi', '2019-10-30 10:47:00', '2019-10-30 10:47:00'),
(420, 31, 73, 'Bitung', '2019-10-30 10:47:00', '2019-10-30 10:47:00'),
(421, 31, 81, 'Bolaang Mongondow (Bolmong)', '2019-10-30 10:47:00', '2019-10-30 10:47:00'),
(422, 31, 82, 'Bolaang Mongondow Selatan', '2019-10-30 10:47:00', '2019-10-30 10:47:00'),
(423, 31, 83, 'Bolaang Mongondow Timur', '2019-10-30 10:47:00', '2019-10-30 10:47:00'),
(424, 31, 84, 'Bolaang Mongondow Utara', '2019-10-30 10:47:00', '2019-10-30 10:47:00'),
(425, 31, 188, 'Kepulauan Sangihe', '2019-10-30 10:47:00', '2019-10-30 10:47:00'),
(426, 31, 190, 'Kepulauan Siau Tagulandang Biaro (Sitaro)', '2019-10-30 10:47:00', '2019-10-30 10:47:00'),
(427, 31, 192, 'Kepulauan Talaud', '2019-10-30 10:47:00', '2019-10-30 10:47:00'),
(428, 31, 204, 'Kotamobagu', '2019-10-30 10:47:00', '2019-10-30 10:47:00'),
(429, 31, 267, 'Manado', '2019-10-30 10:47:00', '2019-10-30 10:47:00'),
(430, 31, 285, 'Minahasa', '2019-10-30 10:47:00', '2019-10-30 10:47:00'),
(431, 31, 286, 'Minahasa Selatan', '2019-10-30 10:47:00', '2019-10-30 10:47:00'),
(432, 31, 287, 'Minahasa Tenggara', '2019-10-30 10:47:00', '2019-10-30 10:47:00'),
(433, 31, 288, 'Minahasa Utara', '2019-10-30 10:47:00', '2019-10-30 10:47:00'),
(434, 31, 485, 'Tomohon', '2019-10-30 10:47:00', '2019-10-30 10:47:00'),
(435, 32, 12, 'Agam', '2019-10-30 10:47:01', '2019-10-30 10:47:01'),
(436, 32, 93, 'Bukittinggi', '2019-10-30 10:47:01', '2019-10-30 10:47:01'),
(437, 32, 116, 'Dharmasraya', '2019-10-30 10:47:01', '2019-10-30 10:47:01'),
(438, 32, 186, 'Kepulauan Mentawai', '2019-10-30 10:47:01', '2019-10-30 10:47:01'),
(439, 32, 236, 'Lima Puluh Koto/Kota', '2019-10-30 10:47:01', '2019-10-30 10:47:01'),
(440, 32, 318, 'Padang', '2019-10-30 10:47:01', '2019-10-30 10:47:01'),
(441, 32, 321, 'Padang Panjang', '2019-10-30 10:47:01', '2019-10-30 10:47:01'),
(442, 32, 322, 'Padang Pariaman', '2019-10-30 10:47:01', '2019-10-30 10:47:01'),
(443, 32, 337, 'Pariaman', '2019-10-30 10:47:01', '2019-10-30 10:47:01'),
(444, 32, 339, 'Pasaman', '2019-10-30 10:47:01', '2019-10-30 10:47:01'),
(445, 32, 340, 'Pasaman Barat', '2019-10-30 10:47:01', '2019-10-30 10:47:01'),
(446, 32, 345, 'Payakumbuh', '2019-10-30 10:47:01', '2019-10-30 10:47:01'),
(447, 32, 357, 'Pesisir Selatan', '2019-10-30 10:47:01', '2019-10-30 10:47:01'),
(448, 32, 394, 'Sawah Lunto', '2019-10-30 10:47:01', '2019-10-30 10:47:01'),
(449, 32, 411, 'Sijunjung (Sawah Lunto Sijunjung)', '2019-10-30 10:47:01', '2019-10-30 10:47:01'),
(450, 32, 420, 'Solok', '2019-10-30 10:47:01', '2019-10-30 10:47:01'),
(451, 32, 421, 'Solok', '2019-10-30 10:47:01', '2019-10-30 10:47:01'),
(452, 32, 422, 'Solok Selatan', '2019-10-30 10:47:01', '2019-10-30 10:47:01'),
(453, 32, 453, 'Tanah Datar', '2019-10-30 10:47:01', '2019-10-30 10:47:01'),
(454, 33, 40, 'Banyuasin', '2019-10-30 10:47:01', '2019-10-30 10:47:01'),
(455, 33, 121, 'Empat Lawang', '2019-10-30 10:47:01', '2019-10-30 10:47:01'),
(456, 33, 220, 'Lahat', '2019-10-30 10:47:01', '2019-10-30 10:47:01'),
(457, 33, 242, 'Lubuk Linggau', '2019-10-30 10:47:01', '2019-10-30 10:47:01'),
(458, 33, 292, 'Muara Enim', '2019-10-30 10:47:01', '2019-10-30 10:47:01'),
(459, 33, 297, 'Musi Banyuasin', '2019-10-30 10:47:01', '2019-10-30 10:47:01'),
(460, 33, 298, 'Musi Rawas', '2019-10-30 10:47:01', '2019-10-30 10:47:01'),
(461, 33, 312, 'Ogan Ilir', '2019-10-30 10:47:01', '2019-10-30 10:47:01'),
(462, 33, 313, 'Ogan Komering Ilir', '2019-10-30 10:47:01', '2019-10-30 10:47:01'),
(463, 33, 314, 'Ogan Komering Ulu', '2019-10-30 10:47:01', '2019-10-30 10:47:01'),
(464, 33, 315, 'Ogan Komering Ulu Selatan', '2019-10-30 10:47:01', '2019-10-30 10:47:01'),
(465, 33, 316, 'Ogan Komering Ulu Timur', '2019-10-30 10:47:01', '2019-10-30 10:47:01'),
(466, 33, 324, 'Pagar Alam', '2019-10-30 10:47:01', '2019-10-30 10:47:01'),
(467, 33, 327, 'Palembang', '2019-10-30 10:47:01', '2019-10-30 10:47:01'),
(468, 33, 367, 'Prabumulih', '2019-10-30 10:47:01', '2019-10-30 10:47:01'),
(469, 34, 15, 'Asahan', '2019-10-30 10:47:02', '2019-10-30 10:47:02'),
(470, 34, 52, 'Batu Bara', '2019-10-30 10:47:02', '2019-10-30 10:47:02'),
(471, 34, 70, 'Binjai', '2019-10-30 10:47:02', '2019-10-30 10:47:02'),
(472, 34, 110, 'Dairi', '2019-10-30 10:47:02', '2019-10-30 10:47:02'),
(473, 34, 112, 'Deli Serdang', '2019-10-30 10:47:02', '2019-10-30 10:47:02'),
(474, 34, 137, 'Gunungsitoli', '2019-10-30 10:47:02', '2019-10-30 10:47:02'),
(475, 34, 146, 'Humbang Hasundutan', '2019-10-30 10:47:02', '2019-10-30 10:47:02'),
(476, 34, 173, 'Karo', '2019-10-30 10:47:02', '2019-10-30 10:47:02'),
(477, 34, 217, 'Labuhan Batu', '2019-10-30 10:47:02', '2019-10-30 10:47:02'),
(478, 34, 218, 'Labuhan Batu Selatan', '2019-10-30 10:47:02', '2019-10-30 10:47:02'),
(479, 34, 219, 'Labuhan Batu Utara', '2019-10-30 10:47:02', '2019-10-30 10:47:02'),
(480, 34, 229, 'Langkat', '2019-10-30 10:47:02', '2019-10-30 10:47:02'),
(481, 34, 268, 'Mandailing Natal', '2019-10-30 10:47:02', '2019-10-30 10:47:02'),
(482, 34, 278, 'Medan', '2019-10-30 10:47:02', '2019-10-30 10:47:02'),
(483, 34, 307, 'Nias', '2019-10-30 10:47:02', '2019-10-30 10:47:02'),
(484, 34, 308, 'Nias Barat', '2019-10-30 10:47:02', '2019-10-30 10:47:02'),
(485, 34, 309, 'Nias Selatan', '2019-10-30 10:47:02', '2019-10-30 10:47:02'),
(486, 34, 310, 'Nias Utara', '2019-10-30 10:47:02', '2019-10-30 10:47:02'),
(487, 34, 319, 'Padang Lawas', '2019-10-30 10:47:02', '2019-10-30 10:47:02'),
(488, 34, 320, 'Padang Lawas Utara', '2019-10-30 10:47:02', '2019-10-30 10:47:02'),
(489, 34, 323, 'Padang Sidempuan', '2019-10-30 10:47:02', '2019-10-30 10:47:02'),
(490, 34, 325, 'Pakpak Bharat', '2019-10-30 10:47:02', '2019-10-30 10:47:02'),
(491, 34, 353, 'Pematang Siantar', '2019-10-30 10:47:02', '2019-10-30 10:47:02'),
(492, 34, 389, 'Samosir', '2019-10-30 10:47:02', '2019-10-30 10:47:02'),
(493, 34, 404, 'Serdang Bedagai', '2019-10-30 10:47:02', '2019-10-30 10:47:02'),
(494, 34, 407, 'Sibolga', '2019-10-30 10:47:02', '2019-10-30 10:47:02'),
(495, 34, 413, 'Simalungun', '2019-10-30 10:47:02', '2019-10-30 10:47:02'),
(496, 34, 459, 'Tanjung Balai', '2019-10-30 10:47:02', '2019-10-30 10:47:02'),
(497, 34, 463, 'Tapanuli Selatan', '2019-10-30 10:47:02', '2019-10-30 10:47:02'),
(498, 34, 464, 'Tapanuli Tengah', '2019-10-30 10:47:02', '2019-10-30 10:47:02'),
(499, 34, 465, 'Tapanuli Utara', '2019-10-30 10:47:02', '2019-10-30 10:47:02'),
(500, 34, 470, 'Tebing Tinggi', '2019-10-30 10:47:02', '2019-10-30 10:47:02'),
(501, 34, 481, 'Toba Samosir', '2019-10-30 10:47:02', '2019-10-30 10:47:02');

-- --------------------------------------------------------

--
-- Table structure for table `migrations`
--

CREATE TABLE `migrations` (
  `id` int(10) UNSIGNED NOT NULL,
  `migration` varchar(255) COLLATE utf8mb4_unicode_ci NOT NULL,
  `batch` int(11) NOT NULL
) ENGINE=InnoDB DEFAULT CHARSET=utf8mb4 COLLATE=utf8mb4_unicode_ci;

--
-- Dumping data for table `migrations`
--

INSERT INTO `migrations` (`id`, `migration`, `batch`) VALUES
(11, '2014_10_12_000000_create_users_table', 1),
(12, '2014_10_12_100000_create_password_resets_table', 1),
(13, '2019_11_12_013738_create_roles_table', 1),
(14, '2019_11_12_013820_create_role_user_table', 1),
(15, '2019_11_12_084259_create_questions_table', 1),
(16, '2019_11_12_123306_create_quenstionadd_table', 1),
(17, '2019_11_12_145724_create_penyesuainquestion_table', 1),
(18, '2019_11_13_104801_create_artikels_table', 1),
(19, '2019_11_13_105634_create_artikel_table', 1),
(20, '2019_11_15_171115_create_saldos_table', 2),
(21, '2019_11_15_171135_create_pakets_table', 2),
(22, '2019_11_16_140857_create_penyesuaianuser_table', 3),
(23, '2019_11_18_015213_create_transaksi_table', 4),
(24, '2019_11_20_125540_create_usersesuai_table', 5);

-- --------------------------------------------------------

--
-- Table structure for table `pakets`
--

CREATE TABLE `pakets` (
  `id` bigint(20) UNSIGNED NOT NULL,
  `nama_paket` varchar(255) COLLATE utf8mb4_unicode_ci NOT NULL,
  `lama_paket` varchar(255) COLLATE utf8mb4_unicode_ci NOT NULL,
  `harga_paket` varchar(255) COLLATE utf8mb4_unicode_ci NOT NULL,
  `icon_paket` varchar(255) COLLATE utf8mb4_unicode_ci NOT NULL,
  `created_at` timestamp NULL DEFAULT NULL,
  `updated_at` timestamp NULL DEFAULT NULL
) ENGINE=InnoDB DEFAULT CHARSET=utf8mb4 COLLATE=utf8mb4_unicode_ci;

--
-- Dumping data for table `pakets`
--

INSERT INTO `pakets` (`id`, `nama_paket`, `lama_paket`, `harga_paket`, `icon_paket`, `created_at`, `updated_at`) VALUES
(1, 'Paket A', '3', '50000', 'paket/1.jpg', '2019-11-16 20:10:21', '2019-11-29 18:59:25'),
(3, 'Paket B', '6', '80000', 'paket/2.jpg', '2019-11-21 05:17:49', '2019-11-21 05:17:49'),
(4, 'Paket C', '12', '140000', 'paket/3.jpg', '2019-11-26 20:51:28', '2019-11-26 20:51:28');

-- --------------------------------------------------------

--
-- Table structure for table `password_resets`
--

CREATE TABLE `password_resets` (
  `email` varchar(255) COLLATE utf8mb4_unicode_ci NOT NULL,
  `token` varchar(255) COLLATE utf8mb4_unicode_ci NOT NULL,
  `created_at` timestamp NULL DEFAULT NULL
) ENGINE=InnoDB DEFAULT CHARSET=utf8mb4 COLLATE=utf8mb4_unicode_ci;

-- --------------------------------------------------------

--
-- Table structure for table `provinces`
--

CREATE TABLE `provinces` (
  `id` bigint(20) UNSIGNED NOT NULL,
  `province_id` int(10) UNSIGNED NOT NULL,
  `title` varchar(255) COLLATE utf8mb4_unicode_ci NOT NULL,
  `created_at` timestamp NULL DEFAULT NULL,
  `updated_at` timestamp NULL DEFAULT NULL
) ENGINE=InnoDB DEFAULT CHARSET=utf8mb4 COLLATE=utf8mb4_unicode_ci;

--
-- Dumping data for table `provinces`
--

INSERT INTO `provinces` (`id`, `province_id`, `title`, `created_at`, `updated_at`) VALUES
(1, 1, 'Bali', '2019-10-30 10:46:13', '2019-10-30 10:46:13'),
(2, 2, 'Bangka Belitung', '2019-10-30 10:46:17', '2019-10-30 10:46:17'),
(3, 3, 'Banten', '2019-10-30 10:46:20', '2019-10-30 10:46:20'),
(4, 4, 'Bengkulu', '2019-10-30 10:46:27', '2019-10-30 10:46:27'),
(5, 5, 'DI Yogyakarta', '2019-10-30 10:46:30', '2019-10-30 10:46:30'),
(6, 6, 'DKI Jakarta', '2019-10-30 10:46:34', '2019-10-30 10:46:34'),
(7, 7, 'Gorontalo', '2019-10-30 10:46:40', '2019-10-30 10:46:40'),
(8, 8, 'Jambi', '2019-10-30 10:46:41', '2019-10-30 10:46:41'),
(9, 9, 'Jawa Barat', '2019-10-30 10:46:42', '2019-10-30 10:46:42'),
(10, 10, 'Jawa Tengah', '2019-10-30 10:46:43', '2019-10-30 10:46:43'),
(11, 11, 'Jawa Timur', '2019-10-30 10:46:44', '2019-10-30 10:46:44'),
(12, 12, 'Kalimantan Barat', '2019-10-30 10:46:45', '2019-10-30 10:46:45'),
(13, 13, 'Kalimantan Selatan', '2019-10-30 10:46:46', '2019-10-30 10:46:46'),
(14, 14, 'Kalimantan Tengah', '2019-10-30 10:46:47', '2019-10-30 10:46:47'),
(15, 15, 'Kalimantan Timur', '2019-10-30 10:46:48', '2019-10-30 10:46:48'),
(16, 16, 'Kalimantan Utara', '2019-10-30 10:46:48', '2019-10-30 10:46:48'),
(17, 17, 'Kepulauan Riau', '2019-10-30 10:46:49', '2019-10-30 10:46:49'),
(18, 18, 'Lampung', '2019-10-30 10:46:49', '2019-10-30 10:46:49'),
(19, 19, 'Maluku', '2019-10-30 10:46:50', '2019-10-30 10:46:50'),
(20, 20, 'Maluku Utara', '2019-10-30 10:46:51', '2019-10-30 10:46:51'),
(21, 21, 'Nanggroe Aceh Darussalam (NAD)', '2019-10-30 10:46:52', '2019-10-30 10:46:52'),
(22, 22, 'Nusa Tenggara Barat (NTB)', '2019-10-30 10:46:53', '2019-10-30 10:46:53'),
(23, 23, 'Nusa Tenggara Timur (NTT)', '2019-10-30 10:46:54', '2019-10-30 10:46:54'),
(24, 24, 'Papua', '2019-10-30 10:46:54', '2019-10-30 10:46:54'),
(25, 25, 'Papua Barat', '2019-10-30 10:46:55', '2019-10-30 10:46:55'),
(26, 26, 'Riau', '2019-10-30 10:46:56', '2019-10-30 10:46:56'),
(27, 27, 'Sulawesi Barat', '2019-10-30 10:46:57', '2019-10-30 10:46:57'),
(28, 28, 'Sulawesi Selatan', '2019-10-30 10:46:57', '2019-10-30 10:46:57'),
(29, 29, 'Sulawesi Tengah', '2019-10-30 10:46:58', '2019-10-30 10:46:58'),
(30, 30, 'Sulawesi Tenggara', '2019-10-30 10:46:59', '2019-10-30 10:46:59'),
(31, 31, 'Sulawesi Utara', '2019-10-30 10:47:00', '2019-10-30 10:47:00'),
(32, 32, 'Sumatera Barat', '2019-10-30 10:47:00', '2019-10-30 10:47:00'),
(33, 33, 'Sumatera Selatan', '2019-10-30 10:47:01', '2019-10-30 10:47:01'),
(34, 34, 'Sumatera Utara', '2019-10-30 10:47:01', '2019-10-30 10:47:01');

-- --------------------------------------------------------

--
-- Table structure for table `questions`
--

CREATE TABLE `questions` (
  `id` bigint(20) UNSIGNED NOT NULL,
  `peternak_id` bigint(20) UNSIGNED NOT NULL,
  `dokter_id` bigint(20) UNSIGNED NOT NULL,
  `pertanyaan` varchar(255) COLLATE utf8mb4_unicode_ci NOT NULL,
  `status` enum('sudah','belum','proses','batal') COLLATE utf8mb4_unicode_ci NOT NULL,
  `created_at` timestamp NULL DEFAULT NULL,
  `updated_at` timestamp NULL DEFAULT NULL,
  `jawaban` varchar(255) COLLATE utf8mb4_unicode_ci DEFAULT NULL,
  `alasan` varchar(255) COLLATE utf8mb4_unicode_ci DEFAULT NULL,
  `tanggal_jawaban` varchar(255) COLLATE utf8mb4_unicode_ci DEFAULT NULL
) ENGINE=InnoDB DEFAULT CHARSET=utf8mb4 COLLATE=utf8mb4_unicode_ci;

--
-- Dumping data for table `questions`
--

INSERT INTO `questions` (`id`, `peternak_id`, `dokter_id`, `pertanyaan`, `status`, `created_at`, `updated_at`, `jawaban`, `alasan`, `tanggal_jawaban`) VALUES
(1, 1, 0, 'Sapi saya demam selama 2 minggu', 'sudah', '2019-11-15 12:27:33', '2019-11-15 12:33:27', 'Silahkan beli bodrexin di apotek terdekat', NULL, '2019-11-15 19:33:27'),
(2, 1, 0, 'Ayam saya tidak nafsu makan', 'sudah', '2019-11-26 20:34:51', '2019-11-27 05:44:21', 'Coba beri suplemen organik, misalkan masih tetap, maka periksakan ke dokter hewan terdekat', NULL, '2019-11-27 12:44:21'),
(3, 1, 0, 'Bagaimana cara memberi pakan ternak yang baik dan benar?', 'sudah', '2019-11-26 20:35:11', '2019-11-29 04:44:36', 'Dengan memberi nutrisi yang cukup', NULL, '2019-11-29 11:44:36'),
(4, 1, 0, 'Apakah penyakit malaria pada sapi bisa menular?', 'sudah', '2019-11-26 20:38:02', '2019-11-29 16:09:23', 'Rahasia', NULL, '2019-11-29 23:09:23'),
(5, 1, 0, 'Jika saya memiliki kambing yang terkena rabies, apa yang harus saya lakukan?', 'belum', '2019-11-27 06:05:56', '2019-11-27 06:28:24', NULL, NULL, NULL),
(6, 1, 2, 'Lalala', 'batal', '2019-11-27 06:06:24', '2019-11-27 06:30:36', NULL, 'Maaf, data yang Anda masukkan tidak sesuai dengan ketentuan pertanyaan yang diperbolehkan', NULL),
(7, 1, 0, 'Ayam saya hamil semua, apa yang harus saya lakukan?', 'belum', '2019-11-27 20:44:23', '2019-11-29 04:41:37', NULL, NULL, NULL),
(8, 1, 2, 'Ayam saya cacat, apa terdapat obat yang dapat menyembuhkannya?', 'belum', '2019-11-27 20:44:35', '2019-11-29 04:41:34', NULL, NULL, NULL),
(9, 1, 0, 'Ayam saya tidak nafsu makan', 'batal', '2019-11-27 20:44:42', '2019-11-29 04:41:23', NULL, 'rahasia', NULL),
(10, 1, 2, 'Haii', 'sudah', '2019-11-27 23:26:46', '2019-11-27 23:27:47', 'Hai juga', NULL, '2019-11-28 06:27:47'),
(11, 1, 2, 'Ayam saya beranak', 'sudah', '2019-11-29 16:07:38', '2019-11-29 16:10:56', 'Ohh gitu', NULL, '2019-11-29 23:10:56'),
(12, 1, 2, 'Halooo', 'belum', '2019-11-29 18:54:01', '2019-11-29 18:59:42', NULL, NULL, NULL);

-- --------------------------------------------------------

--
-- Table structure for table `roles`
--

CREATE TABLE `roles` (
  `id` bigint(20) UNSIGNED NOT NULL,
  `name` varchar(255) COLLATE utf8mb4_unicode_ci NOT NULL,
  `created_at` timestamp NULL DEFAULT NULL,
  `updated_at` timestamp NULL DEFAULT NULL
) ENGINE=InnoDB DEFAULT CHARSET=utf8mb4 COLLATE=utf8mb4_unicode_ci;

--
-- Dumping data for table `roles`
--

INSERT INTO `roles` (`id`, `name`, `created_at`, `updated_at`) VALUES
(1, 'peternak', '2019-11-13 04:08:55', '2019-11-13 04:08:55'),
(2, 'dokter', '2019-11-13 04:08:55', '2019-11-13 04:08:55'),
(3, 'admin', '2019-11-13 04:08:55', '2019-11-13 04:08:55');

-- --------------------------------------------------------

--
-- Table structure for table `role_user`
--

CREATE TABLE `role_user` (
  `id` bigint(20) UNSIGNED NOT NULL,
  `user_id` bigint(20) UNSIGNED NOT NULL,
  `role_id` bigint(20) UNSIGNED NOT NULL,
  `created_at` timestamp NULL DEFAULT NULL,
  `updated_at` timestamp NULL DEFAULT NULL
) ENGINE=InnoDB DEFAULT CHARSET=utf8mb4 COLLATE=utf8mb4_unicode_ci;

--
-- Dumping data for table `role_user`
--

INSERT INTO `role_user` (`id`, `user_id`, `role_id`, `created_at`, `updated_at`) VALUES
(1, 1, 1, NULL, NULL),
(2, 2, 2, NULL, NULL),
(3, 3, 3, NULL, NULL),
(4, 5, 1, NULL, NULL),
(5, 6, 1, NULL, NULL),
(6, 7, 1, NULL, NULL),
(7, 8, 2, NULL, NULL),
(8, 9, 2, NULL, NULL),
(9, 10, 2, NULL, NULL),
(10, 11, 2, NULL, NULL),
(11, 12, 1, NULL, NULL);

-- --------------------------------------------------------

--
-- Table structure for table `saldos`
--

CREATE TABLE `saldos` (
  `id` bigint(20) UNSIGNED NOT NULL,
  `user_id` bigint(20) UNSIGNED NOT NULL,
  `saldo` int(11) NOT NULL,
  `created_at` timestamp NULL DEFAULT NULL,
  `updated_at` timestamp NULL DEFAULT NULL
) ENGINE=InnoDB DEFAULT CHARSET=utf8mb4 COLLATE=utf8mb4_unicode_ci;

--
-- Dumping data for table `saldos`
--

INSERT INTO `saldos` (`id`, `user_id`, `saldo`, `created_at`, `updated_at`) VALUES
(6, 3, 118000, '2019-11-20 13:35:56', '2019-11-29 04:40:32'),
(7, 5, 9976000, '2019-11-27 05:59:32', '2019-11-27 15:00:41'),
(8, 1, 47200, '2019-11-27 14:44:58', '2019-11-29 16:05:15'),
(9, 2, 98000, '2019-11-27 14:56:21', '2019-11-27 15:35:22'),
(10, 7, 9000, '2019-11-27 15:02:40', '2019-11-27 15:02:49');

-- --------------------------------------------------------

--
-- Table structure for table `transaksi`
--

CREATE TABLE `transaksi` (
  `id` bigint(20) UNSIGNED NOT NULL,
  `user_id` bigint(20) UNSIGNED NOT NULL,
  `saldo_id` bigint(20) UNSIGNED DEFAULT NULL,
  `paket_id` bigint(20) UNSIGNED DEFAULT NULL,
  `status` enum('menarik','menambah','berakhir','proses','tambah') COLLATE utf8mb4_unicode_ci NOT NULL,
  `nominal` varchar(255) COLLATE utf8mb4_unicode_ci DEFAULT NULL,
  `created_at` timestamp NULL DEFAULT NULL,
  `updated_at` timestamp NULL DEFAULT NULL
) ENGINE=InnoDB DEFAULT CHARSET=utf8mb4 COLLATE=utf8mb4_unicode_ci;

--
-- Dumping data for table `transaksi`
--

INSERT INTO `transaksi` (`id`, `user_id`, `saldo_id`, `paket_id`, `status`, `nominal`, `created_at`, `updated_at`) VALUES
(17, 1, 4, NULL, 'menarik', '1000', '2019-11-17 19:36:12', '2019-11-17 19:36:12'),
(18, 1, 4, NULL, 'menarik', '1000', '2019-11-17 19:38:47', '2019-11-17 19:38:47'),
(19, 3, 4, NULL, 'menarik', '1000', '2019-11-20 13:30:45', '2019-11-20 13:30:45'),
(20, 3, 4, NULL, 'menarik', '1000', '2019-11-20 13:32:14', '2019-11-20 13:32:14'),
(21, 3, 3, NULL, 'menarik', '1000', '2019-11-20 13:34:21', '2019-11-20 13:34:21'),
(22, 3, 4, NULL, 'menambah', '1000', '2019-11-20 13:34:55', '2019-11-20 13:34:55'),
(23, 3, 3, NULL, 'menambah', '2000', '2019-11-20 13:35:56', '2019-11-20 13:35:56'),
(24, 3, 4, NULL, 'menambah', '2000', '2019-11-20 13:35:56', '2019-11-20 13:35:56'),
(25, 3, 5, NULL, 'menambah', '2000', '2019-11-20 13:35:56', '2019-11-20 13:35:56'),
(26, 2, 3, NULL, 'menarik', '10', '2019-11-22 08:44:27', '2019-11-22 08:44:27'),
(34, 2, 3, NULL, 'menarik', '100', '2019-11-27 05:45:07', '2019-11-27 05:45:07'),
(35, 5, 6, NULL, 'menambah', '10000000', '2019-11-27 05:59:32', '2019-11-27 05:59:32'),
(37, 5, 7, NULL, 'menarik', '12000', '2019-11-27 05:59:46', '2019-11-27 05:59:46'),
(38, 1, 7, NULL, 'menarik', '10', '2019-11-27 14:44:44', '2019-11-27 14:44:44'),
(39, 1, 7, NULL, 'menambah', '1000', '2019-11-27 14:44:58', '2019-11-27 14:44:58'),
(40, 1, 8, NULL, 'menarik', '10', '2019-11-27 14:45:12', '2019-11-27 14:45:12'),
(41, 1, 8, NULL, 'menarik', '10', '2019-11-27 14:45:21', '2019-11-27 14:45:21'),
(42, 1, 8, NULL, 'menambah', '20000', '2019-11-27 14:45:30', '2019-11-27 14:45:30'),
(44, 1, 8, NULL, 'menambah', '10000', '2019-11-27 14:53:22', '2019-11-27 14:53:22'),
(45, 1, 8, NULL, 'menarik', '10', '2019-11-27 14:53:34', '2019-11-27 14:53:34'),
(47, 1, NULL, 1, 'proses', NULL, '2019-11-27 14:55:29', '2019-11-27 14:55:29'),
(48, 6, 8, NULL, 'menambah', '100000', '2019-11-27 14:56:21', '2019-11-27 14:56:21'),
(49, 6, NULL, 3, 'proses', NULL, '2019-11-27 14:56:32', '2019-11-27 14:56:32'),
(50, 5, NULL, 1, 'proses', NULL, '2019-11-27 15:00:41', '2019-11-27 15:00:41'),
(51, 7, 9, NULL, 'menambah', '10000', '2019-11-27 15:02:40', '2019-11-27 15:02:40'),
(52, 7, NULL, 3, 'proses', NULL, '2019-11-27 15:02:49', '2019-11-27 15:02:49'),
(53, 2, 6, NULL, 'menarik', '100', '2019-11-27 15:16:16', '2019-11-27 15:16:16'),
(54, 2, 6, NULL, 'menarik', '100', '2019-11-27 15:16:50', '2019-11-27 15:16:50'),
(55, 2, 6, NULL, 'menarik', '100', '2019-11-27 15:19:16', '2019-11-27 15:19:16'),
(56, 2, 6, NULL, 'menarik', '100', '2019-11-27 15:19:35', '2019-11-27 15:19:35'),
(57, 2, 6, NULL, 'menarik', '100', '2019-11-27 15:20:07', '2019-11-27 15:20:07'),
(58, 2, 6, NULL, 'menarik', '100', '2019-11-27 15:20:43', '2019-11-27 15:20:43'),
(59, 2, 6, NULL, 'menarik', '100', '2019-11-27 15:20:53', '2019-11-27 15:20:53'),
(60, 2, 6, NULL, 'menarik', '100', '2019-11-27 15:23:39', '2019-11-27 15:23:39'),
(61, 2, 6, NULL, 'menarik', '100', '2019-11-27 15:24:24', '2019-11-27 15:24:24'),
(62, 2, 6, NULL, 'menarik', '2', '2019-11-27 15:25:22', '2019-11-27 15:25:22'),
(63, 2, 6, NULL, 'menarik', '2', '2019-11-27 15:25:55', '2019-11-27 15:25:55'),
(64, 1, 10, NULL, 'menarik', '70', '2019-11-27 15:26:26', '2019-11-27 15:26:26'),
(65, 1, 10, NULL, 'menambah', '1000', '2019-11-27 15:26:38', '2019-11-27 15:26:38'),
(66, 1, 11, NULL, 'menambah', '50000', '2019-11-27 15:26:55', '2019-11-27 15:26:55'),
(67, 1, 11, NULL, 'menambah', '8000', '2019-11-27 15:27:03', '2019-11-27 15:27:03'),
(68, 1, 11, NULL, 'menambah', '100', '2019-11-27 15:29:58', '2019-11-27 15:29:58'),
(69, 1, 11, NULL, 'menarik', '100', '2019-11-27 15:30:56', '2019-11-27 15:30:56'),
(70, 1, 11, NULL, 'menarik', '50000', '2019-11-27 15:31:16', '2019-11-27 15:31:16'),
(71, 1, 10, NULL, 'menarik', '100', '2019-11-27 15:31:32', '2019-11-27 15:31:32'),
(72, 1, 10, NULL, 'menarik', '10', '2019-11-27 15:31:44', '2019-11-27 15:31:44'),
(73, 1, 8, NULL, 'menambah', '100', '2019-11-27 15:34:04', '2019-11-27 15:34:04'),
(74, 1, 8, NULL, 'menambah', '1000', '2019-11-27 15:34:19', '2019-11-27 15:34:19'),
(75, 2, 9, NULL, 'menarik', '1000', '2019-11-27 15:35:22', '2019-11-27 15:35:22'),
(76, 1, 10, NULL, 'menarik', '10', '2019-11-27 19:51:18', '2019-11-27 19:51:18'),
(77, 1, 8, NULL, 'menambah', '1000', '2019-11-27 19:52:26', '2019-11-27 19:52:26'),
(78, 1, 10, NULL, 'menarik', '1000', '2019-11-27 19:52:35', '2019-11-27 19:52:35'),
(79, 1, 8, NULL, 'menarik', '1000', '2019-11-27 19:54:38', '2019-11-27 19:54:38'),
(80, 1, 8, NULL, 'menarik', '100', '2019-11-27 19:54:47', '2019-11-27 19:54:47'),
(81, 1, 8, NULL, 'menarik', '100', '2019-11-27 19:54:51', '2019-11-27 19:54:51'),
(82, 1, 8, NULL, 'menarik', '100', '2019-11-27 19:55:30', '2019-11-27 19:55:30'),
(83, 1, 8, NULL, 'menambah', '2000', '2019-11-27 19:55:36', '2019-11-27 19:55:36');

-- --------------------------------------------------------

--
-- Table structure for table `users`
--

CREATE TABLE `users` (
  `id` bigint(20) UNSIGNED NOT NULL,
  `name` varchar(255) COLLATE utf8mb4_unicode_ci NOT NULL,
  `email` varchar(255) COLLATE utf8mb4_unicode_ci NOT NULL,
  `email_verified_at` timestamp NULL DEFAULT NULL,
  `password` varchar(255) COLLATE utf8mb4_unicode_ci NOT NULL,
  `remember_token` varchar(100) COLLATE utf8mb4_unicode_ci DEFAULT NULL,
  `created_at` timestamp NULL DEFAULT NULL,
  `updated_at` timestamp NULL DEFAULT NULL,
  `avatar` varchar(255) COLLATE utf8mb4_unicode_ci NOT NULL,
  `lulusan` varchar(255) COLLATE utf8mb4_unicode_ci DEFAULT NULL,
  `nomorHP` varchar(255) COLLATE utf8mb4_unicode_ci NOT NULL,
  `bank` enum('BRI','BNI','Mandiri','BCA','Bank Jatim') COLLATE utf8mb4_unicode_ci NOT NULL,
  `nomorRekening` varchar(255) COLLATE utf8mb4_unicode_ci NOT NULL,
  `tahunLulus` varchar(255) COLLATE utf8mb4_unicode_ci DEFAULT NULL,
  `province` varchar(255) COLLATE utf8mb4_unicode_ci NOT NULL,
  `city` varchar(255) COLLATE utf8mb4_unicode_ci NOT NULL,
  `status` enum('aktif','nonaktif') COLLATE utf8mb4_unicode_ci DEFAULT NULL
) ENGINE=InnoDB DEFAULT CHARSET=utf8mb4 COLLATE=utf8mb4_unicode_ci;

--
-- Dumping data for table `users`
--

INSERT INTO `users` (`id`, `name`, `email`, `email_verified_at`, `password`, `remember_token`, `created_at`, `updated_at`, `avatar`, `lulusan`, `nomorHP`, `bank`, `nomorRekening`, `tahunLulus`, `province`, `city`, `status`) VALUES
(1, 'Nazilla A.', 'peternak@gmail.com', NULL, '$2y$10$Jf4IGrbRFTMWS6.clVw7seampUTK.ErdTd8oXZMbaZ6QSNMz/Qnkq', NULL, '2019-11-13 04:08:55', '2019-11-29 16:08:33', 'avatar/cvuVgZDZ0uCqr9jEBvvPCfkZGwNXVSdIuPMBTO9m.jpeg', NULL, '098686579', 'BRI', '97980809', NULL, '11', '243', 'aktif'),
(2, 'Dr. Saya', 'dokter@gmail.com', NULL, '$2y$10$wymcE4QM6IPzrZ90fNyXROpakvZUR4Ic2Rv5gWZcyWBGpPh5KzlQq', NULL, '2019-11-13 04:08:55', '2019-11-29 04:39:25', 'avatar/hExKXDUBKlOx06SsmIBcWdDDL3gK1Rsk1DNaj3F7.jpeg', 'Universitas Jember', '8959485934', 'BRI', '12344556373', '2019-11-23', '20', '68', 'aktif'),
(3, 'admin', 'admin@gmail.com', NULL, '$2y$10$FY.6Au3XExP1aB2AO8DO3ufJu8Al3w6e3tjyzsccQM5lseFSIvd6W', NULL, '2019-11-13 04:08:55', '2019-11-29 04:40:25', 'avatar/hExKXDUBKlOx06SsmIBcWdDDL3gK1Rsk1DNaj3F7.jpeg', NULL, '', 'BCA', '111222333444555', NULL, '', '', 'aktif'),
(5, 'sihap', 'sihap@gmail.com', NULL, '$2y$10$5CmmYJXiGmxJB5AIp4ek/eGzlUrUK/SooSXucpfzM5csC0tdH5sla', NULL, '2019-11-16 13:52:05', '2019-11-16 13:52:05', 'avatar/uNN0zFyaWKwwRCbKqZ2rMILc2CxorskkbFCTwIuE.jpeg', NULL, '087678752787', 'BRI', '098208222', NULL, '', '', 'aktif'),
(6, 'albi', 'albi@gmail.com', NULL, '$2y$10$oo5wKDE5vaITR/nw1KZbpua/EI5NeDfTgt69B40CHPhX67j9Bcoh2', NULL, '2019-11-20 08:13:34', '2019-11-20 08:13:34', 'avatar/OvHGoSkrXSTgb5al9fF6qbVoQeUCKrQIYpuFDxOf.jpeg', NULL, '087678752787', 'BRI', '08726865', NULL, '16', '96', 'aktif'),
(7, 'firjon', 'firjon@gmail.com', NULL, '$2y$10$/0jiQWwcj9lUok8071WOS.a7JydBakFZ9oIIJQNr8xQ14eqHiXfhS', NULL, '2019-11-20 10:41:43', '2019-11-20 10:41:43', 'avatar/Q3KNjTD2WcdrUNsolLoCaeopXOvhK4sBd09mfS72.jpeg', NULL, '087678752787', 'BNI', '97286828', NULL, '2', '29', 'aktif'),
(8, 'Dr. Bintang', 'bintang@gmail.com', NULL, '$2y$10$Qny0/FAZ2yHd4WqFSekUBuOKcpdscdftUhTD/gAVNJkIS2yJJ3Gyu', NULL, '2019-11-20 10:49:02', '2019-11-20 10:49:02', 'avatar/6Pn4KwCWZfnFzOJyMPyjgfa4DkUIr90JzNyIocXX.jpeg', 'Universitas Jember', '008197363181', 'BRI', '9727635837', '2013-11-29', '1', '17', 'aktif'),
(9, 'alfian f', 'alfian@gmail.com', NULL, '$2y$10$mVQxW9oaEfohOmL5Kj8paOHtKURbjp4fx83M0fiKqwLiEaoPtStSe', NULL, '2019-11-20 10:53:01', '2019-11-22 10:29:31', 'avatar/6Aop0HqROAaVGEd5tfMqgrSZF0zOUFdRJGruCsAt.jpeg', 'Universitas Terbuka', '008197363181', 'BNI', '497483638287997', '2017-10-29', '14', '44', 'aktif'),
(10, 'alfian maulana', 'maulana@gmail.com', NULL, '$2y$10$XH26aUCJ0/5xHoOAfJwXTetTH0nFednOG7GXZ4XTk7on8HIExIyJq', NULL, '2019-11-20 10:54:38', '2019-11-20 10:54:38', 'avatar/cYCbE6wJ5uJ4fJngOeYt7rxkg98m8QDjEMO0JNsN.jpeg', 'Universitas Gajah Mada', '089986756', 'BRI', '948823742348267', '2018-11-29', '1', '17', 'aktif'),
(11, 'sena lintang', 'salma@gmail.com', NULL, '$2y$10$5i5brrydwW7uiDkbZhZMzOYs8xy1txdp.oSyEaqWJDT9GLm/Sl1ZK', NULL, '2019-11-20 10:57:04', '2019-11-20 10:57:04', 'avatar/dR2eQIEEXk5w91aDoydlMaZwVLStVLSxp5PTpkie.jpeg', 'Universitas Gajah Mada', '2345678', 'BRI', '75757686878', '2014-10-29', '12', '61', 'aktif'),
(12, 'a', 'a@gmail.com', NULL, '$2y$10$zGFEZAdBU7q2vio9DSPsIeztb47cYCDaHEvFAI2EuG5OydGbpSkNG', NULL, '2019-11-29 19:12:22', '2019-11-29 19:12:22', 'avatar/wH7emWtrxx92TKPZlNgd26bOS6TAXavRwenjqP7z.png', NULL, '123', 'BRI', '123', NULL, '17', '48', 'aktif');

--
-- Indexes for dumped tables
--

--
-- Indexes for table `artikels`
--
ALTER TABLE `artikels`
  ADD PRIMARY KEY (`id`);

--
-- Indexes for table `cities`
--
ALTER TABLE `cities`
  ADD PRIMARY KEY (`id`);

--
-- Indexes for table `migrations`
--
ALTER TABLE `migrations`
  ADD PRIMARY KEY (`id`);

--
-- Indexes for table `pakets`
--
ALTER TABLE `pakets`
  ADD PRIMARY KEY (`id`);

--
-- Indexes for table `password_resets`
--
ALTER TABLE `password_resets`
  ADD KEY `password_resets_email_index` (`email`(191));

--
-- Indexes for table `provinces`
--
ALTER TABLE `provinces`
  ADD PRIMARY KEY (`id`);

--
-- Indexes for table `questions`
--
ALTER TABLE `questions`
  ADD PRIMARY KEY (`id`);

--
-- Indexes for table `roles`
--
ALTER TABLE `roles`
  ADD PRIMARY KEY (`id`);

--
-- Indexes for table `role_user`
--
ALTER TABLE `role_user`
  ADD PRIMARY KEY (`id`);

--
-- Indexes for table `saldos`
--
ALTER TABLE `saldos`
  ADD PRIMARY KEY (`id`);

--
-- Indexes for table `transaksi`
--
ALTER TABLE `transaksi`
  ADD PRIMARY KEY (`id`);

--
-- Indexes for table `users`
--
ALTER TABLE `users`
  ADD PRIMARY KEY (`id`);

--
-- AUTO_INCREMENT for dumped tables
--

--
-- AUTO_INCREMENT for table `artikels`
--
ALTER TABLE `artikels`
  MODIFY `id` bigint(20) UNSIGNED NOT NULL AUTO_INCREMENT, AUTO_INCREMENT=8;
--
-- AUTO_INCREMENT for table `cities`
--
ALTER TABLE `cities`
  MODIFY `id` bigint(20) UNSIGNED NOT NULL AUTO_INCREMENT, AUTO_INCREMENT=502;
--
-- AUTO_INCREMENT for table `migrations`
--
ALTER TABLE `migrations`
  MODIFY `id` int(10) UNSIGNED NOT NULL AUTO_INCREMENT, AUTO_INCREMENT=25;
--
-- AUTO_INCREMENT for table `pakets`
--
ALTER TABLE `pakets`
  MODIFY `id` bigint(20) UNSIGNED NOT NULL AUTO_INCREMENT, AUTO_INCREMENT=5;
--
-- AUTO_INCREMENT for table `provinces`
--
ALTER TABLE `provinces`
  MODIFY `id` bigint(20) UNSIGNED NOT NULL AUTO_INCREMENT, AUTO_INCREMENT=35;
--
-- AUTO_INCREMENT for table `questions`
--
ALTER TABLE `questions`
  MODIFY `id` bigint(20) UNSIGNED NOT NULL AUTO_INCREMENT, AUTO_INCREMENT=13;
--
-- AUTO_INCREMENT for table `roles`
--
ALTER TABLE `roles`
  MODIFY `id` bigint(20) UNSIGNED NOT NULL AUTO_INCREMENT, AUTO_INCREMENT=4;
--
-- AUTO_INCREMENT for table `role_user`
--
ALTER TABLE `role_user`
  MODIFY `id` bigint(20) UNSIGNED NOT NULL AUTO_INCREMENT, AUTO_INCREMENT=12;
--
-- AUTO_INCREMENT for table `users`
--
ALTER TABLE `users`
  MODIFY `id` bigint(20) UNSIGNED NOT NULL AUTO_INCREMENT, AUTO_INCREMENT=13;COMMIT;

/*!40101 SET CHARACTER_SET_CLIENT=@OLD_CHARACTER_SET_CLIENT */;
/*!40101 SET CHARACTER_SET_RESULTS=@OLD_CHARACTER_SET_RESULTS */;
/*!40101 SET COLLATION_CONNECTION=@OLD_COLLATION_CONNECTION */;
